PlcIndex,ClstRad1,ClstRad2,ClstRad3,ClstRad4,ClstRad5,ClstRad6,ClstRad7,ClstRad8,ClstRad9,ClstRad10,ClstRad11,ClstRad12,ClstRad13,ClstRad14,ClstRad15,ClstRad16,ClstRad17,ClstRad18,ClstRad19,ClstRad20
3,NA,NA,1,1,1,1,1,1,1,1,1,1,1,1,1,1,1,1,1,1
6,1,1,1,1,1,1,1,1,1,1,1,1,1,1,1,1,1,1,1,1
7,1,1,1,1,1,1,1,1,1,1,1,1,1,1,1,1,1,1,1,1
10,2,2,1,1,1,1,1,1,1,1,1,1,1,1,1,1,1,1,1,1
18,3,3,1,1,1,1,1,1,1,1,1,1,1,1,1,1,1,1,1,1
20,4,3,1,1,1,1,1,1,1,1,1,1,1,1,1,1,1,1,1,1
21,3,3,1,1,1,1,1,1,1,1,1,1,1,1,1,1,1,1,1,1
25,2,2,1,1,1,1,1,1,1,1,1,1,1,1,1,1,1,1,1,1
33,NA,NA,NA,NA,1,1,1,1,1,1,1,1,1,1,1,1,1,1,1,1
35,NA,4,2,1,1,1,1,1,1,1,1,1,1,1,1,1,1,1,1,1
37,NA,4,2,1,1,1,1,1,1,1,1,1,1,1,1,1,1,1,1,1
39,5,4,2,1,1,1,1,1,1,1,1,1,1,1,1,1,1,1,1,1
40,6,4,2,1,1,1,1,1,1,1,1,1,1,1,1,1,1,1,1,1
42,NA,5,2,1,1,1,1,1,1,1,1,1,1,1,1,1,1,1,1,1
43,7,6,3,1,1,1,1,1,1,1,1,1,1,1,1,1,1,1,1,1
44,7,6,3,1,1,1,1,1,1,1,1,1,1,1,1,1,1,1,1,1
45,8,6,3,1,1,1,1,1,1,1,1,1,1,1,1,1,1,1,1,1
47,NA,NA,3,1,1,1,1,1,1,1,1,1,1,1,1,1,1,1,1,1
49,NA,7,4,2,1,1,1,1,1,1,1,1,1,1,1,1,1,1,1,1
50,NA,7,4,2,1,1,1,1,1,1,1,1,1,1,1,1,1,1,1,1
54,9,4,2,1,1,1,1,1,1,1,1,1,1,1,1,1,1,1,1,1
58,9,4,2,1,1,1,1,1,1,1,1,1,1,1,1,1,1,1,1,1
59,9,4,2,1,1,1,1,1,1,1,1,1,1,1,1,1,1,1,1,1
60,9,4,2,1,1,1,1,1,1,1,1,1,1,1,1,1,1,1,1,1
61,9,4,2,1,1,1,1,1,1,1,1,1,1,1,1,1,1,1,1,1
63,5,4,2,1,1,1,1,1,1,1,1,1,1,1,1,1,1,1,1,1
67,6,4,2,1,1,1,1,1,1,1,1,1,1,1,1,1,1,1,1,1
69,10,4,2,1,1,1,1,1,1,1,1,1,1,1,1,1,1,1,1,1
70,10,4,2,1,1,1,1,1,1,1,1,1,1,1,1,1,1,1,1,1
72,10,4,2,1,1,1,1,1,1,1,1,1,1,1,1,1,1,1,1,1
74,10,4,2,1,1,1,1,1,1,1,1,1,1,1,1,1,1,1,1,1
75,10,4,2,1,1,1,1,1,1,1,1,1,1,1,1,1,1,1,1,1
76,10,4,2,1,1,1,1,1,1,1,1,1,1,1,1,1,1,1,1,1
77,NA,4,2,1,1,1,1,1,1,1,1,1,1,1,1,1,1,1,1,1
79,11,8,2,1,1,1,1,1,1,1,1,1,1,1,1,1,1,1,1,1
80,11,8,2,1,1,1,1,1,1,1,1,1,1,1,1,1,1,1,1,1
82,12,8,2,1,1,1,1,1,1,1,1,1,1,1,1,1,1,1,1,1
83,12,8,2,1,1,1,1,1,1,1,1,1,1,1,1,1,1,1,1,1
86,12,8,2,1,1,1,1,1,1,1,1,1,1,1,1,1,1,1,1,1
95,13,9,5,3,1,1,1,1,1,1,1,1,1,1,1,1,1,1,1,1
96,13,9,5,3,1,1,1,1,1,1,1,1,1,1,1,1,1,1,1,1
99,NA,9,5,3,1,1,1,1,1,1,1,1,1,1,1,1,1,1,1,1
101,NA,NA,5,3,1,1,1,1,1,1,1,1,1,1,1,1,1,1,1,1
102,NA,10,2,1,1,1,1,1,1,1,1,1,1,1,1,1,1,1,1,1
104,NA,10,2,1,1,1,1,1,1,1,1,1,1,1,1,1,1,1,1,1
109,NA,4,2,1,1,1,1,1,1,1,1,1,1,1,1,1,1,1,1,1
110,14,11,6,1,1,1,1,1,1,1,1,1,1,1,1,1,1,1,1,1
111,14,11,6,1,1,1,1,1,1,1,1,1,1,1,1,1,1,1,1,1
112,14,11,6,1,1,1,1,1,1,1,1,1,1,1,1,1,1,1,1,1
113,NA,11,6,1,1,1,1,1,1,1,1,1,1,1,1,1,1,1,1,1
114,15,12,6,1,1,1,1,1,1,1,1,1,1,1,1,1,1,1,1,1
115,15,12,6,1,1,1,1,1,1,1,1,1,1,1,1,1,1,1,1,1
118,16,13,6,1,1,1,1,1,1,1,1,1,1,1,1,1,1,1,1,1
120,NA,13,6,1,1,1,1,1,1,1,1,1,1,1,1,1,1,1,1,1
122,17,13,6,1,1,1,1,1,1,1,1,1,1,1,1,1,1,1,1,1
129,18,13,6,1,1,1,1,1,1,1,1,1,1,1,1,1,1,1,1,1
131,19,13,6,1,1,1,1,1,1,1,1,1,1,1,1,1,1,1,1,1
132,19,13,6,1,1,1,1,1,1,1,1,1,1,1,1,1,1,1,1,1
134,19,13,6,1,1,1,1,1,1,1,1,1,1,1,1,1,1,1,1,1
136,20,13,6,1,1,1,1,1,1,1,1,1,1,1,1,1,1,1,1,1
138,NA,13,6,1,1,1,1,1,1,1,1,1,1,1,1,1,1,1,1,1
142,21,13,6,1,1,1,1,1,1,1,1,1,1,1,1,1,1,1,1,1
150,22,13,6,1,1,1,1,1,1,1,1,1,1,1,1,1,1,1,1,1
152,23,13,6,1,1,1,1,1,1,1,1,1,1,1,1,1,1,1,1,1
155,23,13,6,1,1,1,1,1,1,1,1,1,1,1,1,1,1,1,1,1
163,16,13,6,1,1,1,1,1,1,1,1,1,1,1,1,1,1,1,1,1
175,16,13,6,1,1,1,1,1,1,1,1,1,1,1,1,1,1,1,1,1
179,NA,13,6,1,1,1,1,1,1,1,1,1,1,1,1,1,1,1,1,1
181,24,13,6,1,1,1,1,1,1,1,1,1,1,1,1,1,1,1,1,1
187,NA,13,6,1,1,1,1,1,1,1,1,1,1,1,1,1,1,1,1,1
192,25,13,6,1,1,1,1,1,1,1,1,1,1,1,1,1,1,1,1,1
193,19,13,6,1,1,1,1,1,1,1,1,1,1,1,1,1,1,1,1,1
195,26,13,6,1,1,1,1,1,1,1,1,1,1,1,1,1,1,1,1,1
198,26,13,6,1,1,1,1,1,1,1,1,1,1,1,1,1,1,1,1,1
200,27,13,6,1,1,1,1,1,1,1,1,1,1,1,1,1,1,1,1,1
206,27,13,6,1,1,1,1,1,1,1,1,1,1,1,1,1,1,1,1,1
210,26,13,6,1,1,1,1,1,1,1,1,1,1,1,1,1,1,1,1,1
229,26,13,6,1,1,1,1,1,1,1,1,1,1,1,1,1,1,1,1,1
237,NA,13,6,1,1,1,1,1,1,1,1,1,1,1,1,1,1,1,1,1
240,28,13,6,1,1,1,1,1,1,1,1,1,1,1,1,1,1,1,1,1
241,28,13,6,1,1,1,1,1,1,1,1,1,1,1,1,1,1,1,1,1
242,NA,13,6,1,1,1,1,1,1,1,1,1,1,1,1,1,1,1,1,1
244,28,13,6,1,1,1,1,1,1,1,1,1,1,1,1,1,1,1,1,1
245,29,14,6,1,1,1,1,1,1,1,1,1,1,1,1,1,1,1,1,1
248,30,13,6,1,1,1,1,1,1,1,1,1,1,1,1,1,1,1,1,1
253,31,13,6,1,1,1,1,1,1,1,1,1,1,1,1,1,1,1,1,1
255,32,13,6,1,1,1,1,1,1,1,1,1,1,1,1,1,1,1,1,1
258,NA,13,6,1,1,1,1,1,1,1,1,1,1,1,1,1,1,1,1,1
261,32,13,6,1,1,1,1,1,1,1,1,1,1,1,1,1,1,1,1,1
273,33,13,6,1,1,1,1,1,1,1,1,1,1,1,1,1,1,1,1,1
282,30,13,6,1,1,1,1,1,1,1,1,1,1,1,1,1,1,1,1,1
285,30,13,6,1,1,1,1,1,1,1,1,1,1,1,1,1,1,1,1,1
291,30,13,6,1,1,1,1,1,1,1,1,1,1,1,1,1,1,1,1,1
297,23,13,6,1,1,1,1,1,1,1,1,1,1,1,1,1,1,1,1,1
298,23,13,6,1,1,1,1,1,1,1,1,1,1,1,1,1,1,1,1,1
299,23,13,6,1,1,1,1,1,1,1,1,1,1,1,1,1,1,1,1,1
307,17,13,6,1,1,1,1,1,1,1,1,1,1,1,1,1,1,1,1,1
308,16,13,6,1,1,1,1,1,1,1,1,1,1,1,1,1,1,1,1,1
310,30,13,6,1,1,1,1,1,1,1,1,1,1,1,1,1,1,1,1,1
315,NA,13,6,1,1,1,1,1,1,1,1,1,1,1,1,1,1,1,1,1
316,27,13,6,1,1,1,1,1,1,1,1,1,1,1,1,1,1,1,1,1
317,21,13,6,1,1,1,1,1,1,1,1,1,1,1,1,1,1,1,1,1
319,34,13,6,1,1,1,1,1,1,1,1,1,1,1,1,1,1,1,1,1
321,21,13,6,1,1,1,1,1,1,1,1,1,1,1,1,1,1,1,1,1
323,31,13,6,1,1,1,1,1,1,1,1,1,1,1,1,1,1,1,1,1
324,31,13,6,1,1,1,1,1,1,1,1,1,1,1,1,1,1,1,1,1
325,31,13,6,1,1,1,1,1,1,1,1,1,1,1,1,1,1,1,1,1
326,NA,13,6,1,1,1,1,1,1,1,1,1,1,1,1,1,1,1,1,1
327,31,13,6,1,1,1,1,1,1,1,1,1,1,1,1,1,1,1,1,1
328,31,13,6,1,1,1,1,1,1,1,1,1,1,1,1,1,1,1,1,1
329,31,13,6,1,1,1,1,1,1,1,1,1,1,1,1,1,1,1,1,1
330,31,13,6,1,1,1,1,1,1,1,1,1,1,1,1,1,1,1,1,1
331,NA,NA,6,1,1,1,1,1,1,1,1,1,1,1,1,1,1,1,1,1
332,NA,13,6,1,1,1,1,1,1,1,1,1,1,1,1,1,1,1,1,1
333,20,13,6,1,1,1,1,1,1,1,1,1,1,1,1,1,1,1,1,1
335,18,13,6,1,1,1,1,1,1,1,1,1,1,1,1,1,1,1,1,1
336,NA,NA,6,1,1,1,1,1,1,1,1,1,1,1,1,1,1,1,1,1
337,18,13,6,1,1,1,1,1,1,1,1,1,1,1,1,1,1,1,1,1
338,NA,13,6,1,1,1,1,1,1,1,1,1,1,1,1,1,1,1,1,1
339,18,13,6,1,1,1,1,1,1,1,1,1,1,1,1,1,1,1,1,1
341,22,13,6,1,1,1,1,1,1,1,1,1,1,1,1,1,1,1,1,1
342,22,13,6,1,1,1,1,1,1,1,1,1,1,1,1,1,1,1,1,1
344,NA,13,6,1,1,1,1,1,1,1,1,1,1,1,1,1,1,1,1,1
348,NA,NA,6,1,1,1,1,1,1,1,1,1,1,1,1,1,1,1,1,1
349,NA,13,6,1,1,1,1,1,1,1,1,1,1,1,1,1,1,1,1,1
351,NA,NA,6,1,1,1,1,1,1,1,1,1,1,1,1,1,1,1,1,1
356,19,13,6,1,1,1,1,1,1,1,1,1,1,1,1,1,1,1,1,1
357,19,13,6,1,1,1,1,1,1,1,1,1,1,1,1,1,1,1,1,1
358,19,13,6,1,1,1,1,1,1,1,1,1,1,1,1,1,1,1,1,1
360,19,13,6,1,1,1,1,1,1,1,1,1,1,1,1,1,1,1,1,1
365,19,13,6,1,1,1,1,1,1,1,1,1,1,1,1,1,1,1,1,1
366,35,13,6,1,1,1,1,1,1,1,1,1,1,1,1,1,1,1,1,1
367,35,13,6,1,1,1,1,1,1,1,1,1,1,1,1,1,1,1,1,1
368,35,13,6,1,1,1,1,1,1,1,1,1,1,1,1,1,1,1,1,1
369,NA,13,6,1,1,1,1,1,1,1,1,1,1,1,1,1,1,1,1,1
370,36,13,6,1,1,1,1,1,1,1,1,1,1,1,1,1,1,1,1,1
372,36,13,6,1,1,1,1,1,1,1,1,1,1,1,1,1,1,1,1,1
373,NA,13,6,1,1,1,1,1,1,1,1,1,1,1,1,1,1,1,1,1
374,37,13,6,1,1,1,1,1,1,1,1,1,1,1,1,1,1,1,1,1
376,36,13,6,1,1,1,1,1,1,1,1,1,1,1,1,1,1,1,1,1
382,38,15,7,1,1,1,1,1,1,1,1,1,1,1,1,1,1,1,1,1
383,38,15,7,1,1,1,1,1,1,1,1,1,1,1,1,1,1,1,1,1
389,NA,16,6,1,1,1,1,1,1,1,1,1,1,1,1,1,1,1,1,1
391,NA,8,2,1,1,1,1,1,1,1,1,1,1,1,1,1,1,1,1,1
392,NA,8,2,1,1,1,1,1,1,1,1,1,1,1,1,1,1,1,1,1
396,NA,8,2,1,1,1,1,1,1,1,1,1,1,1,1,1,1,1,1,1
410,NA,NA,7,1,1,1,1,1,1,1,1,1,1,1,1,1,1,1,1,1
416,NA,11,6,1,1,1,1,1,1,1,1,1,1,1,1,1,1,1,1,1
417,42,11,6,1,1,1,1,1,1,1,1,1,1,1,1,1,1,1,1,1
419,42,11,6,1,1,1,1,1,1,1,1,1,1,1,1,1,1,1,1,1
420,43,11,6,1,1,1,1,1,1,1,1,1,1,1,1,1,1,1,1,1
421,43,11,6,1,1,1,1,1,1,1,1,1,1,1,1,1,1,1,1,1
422,43,11,6,1,1,1,1,1,1,1,1,1,1,1,1,1,1,1,1,1
423,43,11,6,1,1,1,1,1,1,1,1,1,1,1,1,1,1,1,1,1
424,43,11,6,1,1,1,1,1,1,1,1,1,1,1,1,1,1,1,1,1
425,44,11,6,1,1,1,1,1,1,1,1,1,1,1,1,1,1,1,1,1
426,44,11,6,1,1,1,1,1,1,1,1,1,1,1,1,1,1,1,1,1
427,44,11,6,1,1,1,1,1,1,1,1,1,1,1,1,1,1,1,1,1
429,43,11,6,1,1,1,1,1,1,1,1,1,1,1,1,1,1,1,1,1
430,43,11,6,1,1,1,1,1,1,1,1,1,1,1,1,1,1,1,1,1
431,43,11,6,1,1,1,1,1,1,1,1,1,1,1,1,1,1,1,1,1
436,42,11,6,1,1,1,1,1,1,1,1,1,1,1,1,1,1,1,1,1
437,42,11,6,1,1,1,1,1,1,1,1,1,1,1,1,1,1,1,1,1
438,42,11,6,1,1,1,1,1,1,1,1,1,1,1,1,1,1,1,1,1
439,42,11,6,1,1,1,1,1,1,1,1,1,1,1,1,1,1,1,1,1
440,42,11,6,1,1,1,1,1,1,1,1,1,1,1,1,1,1,1,1,1
442,42,11,6,1,1,1,1,1,1,1,1,1,1,1,1,1,1,1,1,1
443,42,11,6,1,1,1,1,1,1,1,1,1,1,1,1,1,1,1,1,1
445,42,11,6,1,1,1,1,1,1,1,1,1,1,1,1,1,1,1,1,1
448,42,11,6,1,1,1,1,1,1,1,1,1,1,1,1,1,1,1,1,1
451,42,11,6,1,1,1,1,1,1,1,1,1,1,1,1,1,1,1,1,1
453,42,11,6,1,1,1,1,1,1,1,1,1,1,1,1,1,1,1,1,1
454,42,11,6,1,1,1,1,1,1,1,1,1,1,1,1,1,1,1,1,1
455,42,11,6,1,1,1,1,1,1,1,1,1,1,1,1,1,1,1,1,1
458,42,11,6,1,1,1,1,1,1,1,1,1,1,1,1,1,1,1,1,1
461,14,11,6,1,1,1,1,1,1,1,1,1,1,1,1,1,1,1,1,1
462,42,11,6,1,1,1,1,1,1,1,1,1,1,1,1,1,1,1,1,1
465,14,11,6,1,1,1,1,1,1,1,1,1,1,1,1,1,1,1,1,1
466,45,11,6,1,1,1,1,1,1,1,1,1,1,1,1,1,1,1,1,1
467,45,11,6,1,1,1,1,1,1,1,1,1,1,1,1,1,1,1,1,1
468,45,11,6,1,1,1,1,1,1,1,1,1,1,1,1,1,1,1,1,1
469,NA,11,6,1,1,1,1,1,1,1,1,1,1,1,1,1,1,1,1,1
472,46,23,6,1,1,1,1,1,1,1,1,1,1,1,1,1,1,1,1,1
473,46,23,6,1,1,1,1,1,1,1,1,1,1,1,1,1,1,1,1,1
475,46,23,6,1,1,1,1,1,1,1,1,1,1,1,1,1,1,1,1,1
476,46,23,6,1,1,1,1,1,1,1,1,1,1,1,1,1,1,1,1,1
477,46,23,6,1,1,1,1,1,1,1,1,1,1,1,1,1,1,1,1,1
479,46,23,6,1,1,1,1,1,1,1,1,1,1,1,1,1,1,1,1,1
482,44,11,6,1,1,1,1,1,1,1,1,1,1,1,1,1,1,1,1,1
483,44,11,6,1,1,1,1,1,1,1,1,1,1,1,1,1,1,1,1,1
484,NA,12,6,1,1,1,1,1,1,1,1,1,1,1,1,1,1,1,1,1
485,NA,12,6,1,1,1,1,1,1,1,1,1,1,1,1,1,1,1,1,1
488,14,11,6,1,1,1,1,1,1,1,1,1,1,1,1,1,1,1,1,1
489,14,11,6,1,1,1,1,1,1,1,1,1,1,1,1,1,1,1,1,1
490,14,11,6,1,1,1,1,1,1,1,1,1,1,1,1,1,1,1,1,1
491,14,11,6,1,1,1,1,1,1,1,1,1,1,1,1,1,1,1,1,1
493,47,11,6,1,1,1,1,1,1,1,1,1,1,1,1,1,1,1,1,1
495,47,11,6,1,1,1,1,1,1,1,1,1,1,1,1,1,1,1,1,1
496,14,11,6,1,1,1,1,1,1,1,1,1,1,1,1,1,1,1,1,1
497,14,11,6,1,1,1,1,1,1,1,1,1,1,1,1,1,1,1,1,1
498,14,11,6,1,1,1,1,1,1,1,1,1,1,1,1,1,1,1,1,1
500,NA,11,6,1,1,1,1,1,1,1,1,1,1,1,1,1,1,1,1,1
506,48,11,6,1,1,1,1,1,1,1,1,1,1,1,1,1,1,1,1,1
507,48,11,6,1,1,1,1,1,1,1,1,1,1,1,1,1,1,1,1,1
508,48,11,6,1,1,1,1,1,1,1,1,1,1,1,1,1,1,1,1,1
509,48,11,6,1,1,1,1,1,1,1,1,1,1,1,1,1,1,1,1,1
510,48,11,6,1,1,1,1,1,1,1,1,1,1,1,1,1,1,1,1,1
511,48,11,6,1,1,1,1,1,1,1,1,1,1,1,1,1,1,1,1,1
512,48,11,6,1,1,1,1,1,1,1,1,1,1,1,1,1,1,1,1,1
513,48,11,6,1,1,1,1,1,1,1,1,1,1,1,1,1,1,1,1,1
514,48,11,6,1,1,1,1,1,1,1,1,1,1,1,1,1,1,1,1,1
515,14,11,6,1,1,1,1,1,1,1,1,1,1,1,1,1,1,1,1,1
516,14,11,6,1,1,1,1,1,1,1,1,1,1,1,1,1,1,1,1,1
517,42,11,6,1,1,1,1,1,1,1,1,1,1,1,1,1,1,1,1,1
519,21,13,6,1,1,1,1,1,1,1,1,1,1,1,1,1,1,1,1,1
524,44,11,6,1,1,1,1,1,1,1,1,1,1,1,1,1,1,1,1,1
543,NA,13,6,1,1,1,1,1,1,1,1,1,1,1,1,1,1,1,1,1
544,29,14,6,1,1,1,1,1,1,1,1,1,1,1,1,1,1,1,1,1
548,29,14,6,1,1,1,1,1,1,1,1,1,1,1,1,1,1,1,1,1
549,29,14,6,1,1,1,1,1,1,1,1,1,1,1,1,1,1,1,1,1
550,29,14,6,1,1,1,1,1,1,1,1,1,1,1,1,1,1,1,1,1
552,49,13,6,1,1,1,1,1,1,1,1,1,1,1,1,1,1,1,1,1
553,49,13,6,1,1,1,1,1,1,1,1,1,1,1,1,1,1,1,1,1
554,49,13,6,1,1,1,1,1,1,1,1,1,1,1,1,1,1,1,1,1
556,NA,13,6,1,1,1,1,1,1,1,1,1,1,1,1,1,1,1,1,1
558,NA,13,6,1,1,1,1,1,1,1,1,1,1,1,1,1,1,1,1,1
559,30,13,6,1,1,1,1,1,1,1,1,1,1,1,1,1,1,1,1,1
560,33,13,6,1,1,1,1,1,1,1,1,1,1,1,1,1,1,1,1,1
562,NA,NA,6,1,1,1,1,1,1,1,1,1,1,1,1,1,1,1,1,1
568,50,24,6,1,1,1,1,1,1,1,1,1,1,1,1,1,1,1,1,1
576,NA,21,6,1,1,1,1,1,1,1,1,1,1,1,1,1,1,1,1,1
577,NA,21,6,1,1,1,1,1,1,1,1,1,1,1,1,1,1,1,1,1
578,NA,21,6,1,1,1,1,1,1,1,1,1,1,1,1,1,1,1,1,1
579,NA,21,6,1,1,1,1,1,1,1,1,1,1,1,1,1,1,1,1,1
583,NA,NA,6,1,1,1,1,1,1,1,1,1,1,1,1,1,1,1,1,1
585,NA,21,6,1,1,1,1,1,1,1,1,1,1,1,1,1,1,1,1,1
586,37,13,6,1,1,1,1,1,1,1,1,1,1,1,1,1,1,1,1,1
589,51,17,7,1,1,1,1,1,1,1,1,1,1,1,1,1,1,1,1,1
590,37,13,6,1,1,1,1,1,1,1,1,1,1,1,1,1,1,1,1,1
593,51,17,7,1,1,1,1,1,1,1,1,1,1,1,1,1,1,1,1,1
596,NA,NA,7,1,1,1,1,1,1,1,1,1,1,1,1,1,1,1,1,1
606,39,18,7,1,1,1,1,1,1,1,1,1,1,1,1,1,1,1,1,1
609,NA,17,7,1,1,1,1,1,1,1,1,1,1,1,1,1,1,1,1,1
611,52,15,7,1,1,1,1,1,1,1,1,1,1,1,1,1,1,1,1,1
613,NA,19,7,1,1,1,1,1,1,1,1,1,1,1,1,1,1,1,1,1
619,52,15,7,1,1,1,1,1,1,1,1,1,1,1,1,1,1,1,1,1
620,NA,19,7,1,1,1,1,1,1,1,1,1,1,1,1,1,1,1,1,1
626,40,20,7,1,1,1,1,1,1,1,1,1,1,1,1,1,1,1,1,1
628,40,20,7,1,1,1,1,1,1,1,1,1,1,1,1,1,1,1,1,1
629,40,20,7,1,1,1,1,1,1,1,1,1,1,1,1,1,1,1,1,1
630,40,20,7,1,1,1,1,1,1,1,1,1,1,1,1,1,1,1,1,1
631,40,20,7,1,1,1,1,1,1,1,1,1,1,1,1,1,1,1,1,1
636,NA,25,2,1,1,1,1,1,1,1,1,1,1,1,1,1,1,1,1,1
653,53,25,2,1,1,1,1,1,1,1,1,1,1,1,1,1,1,1,1,1
654,40,20,7,1,1,1,1,1,1,1,1,1,1,1,1,1,1,1,1,1
656,NA,15,7,1,1,1,1,1,1,1,1,1,1,1,1,1,1,1,1,1
659,NA,25,2,1,1,1,1,1,1,1,1,1,1,1,1,1,1,1,1,1
661,NA,25,2,1,1,1,1,1,1,1,1,1,1,1,1,1,1,1,1,1
665,53,25,2,1,1,1,1,1,1,1,1,1,1,1,1,1,1,1,1,1
667,53,25,2,1,1,1,1,1,1,1,1,1,1,1,1,1,1,1,1,1
669,54,26,7,1,1,1,1,1,1,1,1,1,1,1,1,1,1,1,1,1
671,54,26,7,1,1,1,1,1,1,1,1,1,1,1,1,1,1,1,1,1
672,55,27,7,1,1,1,1,1,1,1,1,1,1,1,1,1,1,1,1,1
673,56,27,7,1,1,1,1,1,1,1,1,1,1,1,1,1,1,1,1,1
674,55,27,7,1,1,1,1,1,1,1,1,1,1,1,1,1,1,1,1,1
676,57,27,7,1,1,1,1,1,1,1,1,1,1,1,1,1,1,1,1,1
677,57,27,7,1,1,1,1,1,1,1,1,1,1,1,1,1,1,1,1,1
678,57,27,7,1,1,1,1,1,1,1,1,1,1,1,1,1,1,1,1,1
682,58,27,7,1,1,1,1,1,1,1,1,1,1,1,1,1,1,1,1,1
692,NA,26,7,1,1,1,1,1,1,1,1,1,1,1,1,1,1,1,1,1
695,59,28,7,1,1,1,1,1,1,1,1,1,1,1,1,1,1,1,1,1
697,NA,27,7,1,1,1,1,1,1,1,1,1,1,1,1,1,1,1,1,1
699,NA,27,7,1,1,1,1,1,1,1,1,1,1,1,1,1,1,1,1,1
702,60,27,7,1,1,1,1,1,1,1,1,1,1,1,1,1,1,1,1,1
704,NA,27,7,1,1,1,1,1,1,1,1,1,1,1,1,1,1,1,1,1
710,NA,18,7,1,1,1,1,1,1,1,1,1,1,1,1,1,1,1,1,1
712,56,27,7,1,1,1,1,1,1,1,1,1,1,1,1,1,1,1,1,1
713,61,27,7,1,1,1,1,1,1,1,1,1,1,1,1,1,1,1,1,1
715,56,27,7,1,1,1,1,1,1,1,1,1,1,1,1,1,1,1,1,1
717,NA,27,7,1,1,1,1,1,1,1,1,1,1,1,1,1,1,1,1,1
719,60,27,7,1,1,1,1,1,1,1,1,1,1,1,1,1,1,1,1,1
722,56,27,7,1,1,1,1,1,1,1,1,1,1,1,1,1,1,1,1,1
724,NA,27,7,1,1,1,1,1,1,1,1,1,1,1,1,1,1,1,1,1
725,NA,20,7,1,1,1,1,1,1,1,1,1,1,1,1,1,1,1,1,1
729,40,20,7,1,1,1,1,1,1,1,1,1,1,1,1,1,1,1,1,1
730,NA,20,7,1,1,1,1,1,1,1,1,1,1,1,1,1,1,1,1,1
731,60,27,7,1,1,1,1,1,1,1,1,1,1,1,1,1,1,1,1,1
732,62,29,2,1,1,1,1,1,1,1,1,1,1,1,1,1,1,1,1,1
737,NA,NA,NA,1,1,1,1,1,1,1,1,1,1,1,1,1,1,1,1,1
743,63,30,8,1,1,1,1,1,1,1,1,1,1,1,1,1,1,1,1,1
749,NA,27,7,1,1,1,1,1,1,1,1,1,1,1,1,1,1,1,1,1
750,NA,27,7,1,1,1,1,1,1,1,1,1,1,1,1,1,1,1,1,1
751,64,27,7,1,1,1,1,1,1,1,1,1,1,1,1,1,1,1,1,1
755,64,27,7,1,1,1,1,1,1,1,1,1,1,1,1,1,1,1,1,1
757,65,31,9,1,1,1,1,1,1,1,1,1,1,1,1,1,1,1,1,1
758,NA,31,9,1,1,1,1,1,1,1,1,1,1,1,1,1,1,1,1,1
761,NA,31,9,1,1,1,1,1,1,1,1,1,1,1,1,1,1,1,1,1
764,66,32,10,1,1,1,1,1,1,1,1,1,1,1,1,1,1,1,1,1
772,NA,NA,2,1,1,1,1,1,1,1,1,1,1,1,1,1,1,1,1,1
777,NA,16,6,1,1,1,1,1,1,1,1,1,1,1,1,1,1,1,1,1
779,67,11,6,1,1,1,1,1,1,1,1,1,1,1,1,1,1,1,1,1
783,68,11,6,1,1,1,1,1,1,1,1,1,1,1,1,1,1,1,1,1
784,67,11,6,1,1,1,1,1,1,1,1,1,1,1,1,1,1,1,1,1
785,67,11,6,1,1,1,1,1,1,1,1,1,1,1,1,1,1,1,1,1
786,67,11,6,1,1,1,1,1,1,1,1,1,1,1,1,1,1,1,1,1
787,67,11,6,1,1,1,1,1,1,1,1,1,1,1,1,1,1,1,1,1
788,69,11,6,1,1,1,1,1,1,1,1,1,1,1,1,1,1,1,1,1
789,70,11,6,1,1,1,1,1,1,1,1,1,1,1,1,1,1,1,1,1
791,70,11,6,1,1,1,1,1,1,1,1,1,1,1,1,1,1,1,1,1
793,71,11,6,1,1,1,1,1,1,1,1,1,1,1,1,1,1,1,1,1
794,71,11,6,1,1,1,1,1,1,1,1,1,1,1,1,1,1,1,1,1
795,71,11,6,1,1,1,1,1,1,1,1,1,1,1,1,1,1,1,1,1
796,71,11,6,1,1,1,1,1,1,1,1,1,1,1,1,1,1,1,1,1
797,71,11,6,1,1,1,1,1,1,1,1,1,1,1,1,1,1,1,1,1
800,72,11,6,1,1,1,1,1,1,1,1,1,1,1,1,1,1,1,1,1
801,72,11,6,1,1,1,1,1,1,1,1,1,1,1,1,1,1,1,1,1
802,72,11,6,1,1,1,1,1,1,1,1,1,1,1,1,1,1,1,1,1
805,NA,11,6,1,1,1,1,1,1,1,1,1,1,1,1,1,1,1,1,1
806,73,11,6,1,1,1,1,1,1,1,1,1,1,1,1,1,1,1,1,1
807,73,11,6,1,1,1,1,1,1,1,1,1,1,1,1,1,1,1,1,1
809,NA,NA,6,1,1,1,1,1,1,1,1,1,1,1,1,1,1,1,1,1
816,NA,NA,NA,1,1,1,1,1,1,1,1,1,1,1,1,1,1,1,1,1
817,NA,NA,NA,NA,1,1,1,1,1,1,1,1,1,1,1,1,1,1,1,1
824,74,33,6,1,1,1,1,1,1,1,1,1,1,1,1,1,1,1,1,1
825,74,33,6,1,1,1,1,1,1,1,1,1,1,1,1,1,1,1,1,1
830,68,11,6,1,1,1,1,1,1,1,1,1,1,1,1,1,1,1,1,1
831,75,11,6,1,1,1,1,1,1,1,1,1,1,1,1,1,1,1,1,1
833,75,11,6,1,1,1,1,1,1,1,1,1,1,1,1,1,1,1,1,1
835,76,11,6,1,1,1,1,1,1,1,1,1,1,1,1,1,1,1,1,1
837,68,11,6,1,1,1,1,1,1,1,1,1,1,1,1,1,1,1,1,1
847,NA,11,6,1,1,1,1,1,1,1,1,1,1,1,1,1,1,1,1,1
855,70,11,6,1,1,1,1,1,1,1,1,1,1,1,1,1,1,1,1,1
856,70,11,6,1,1,1,1,1,1,1,1,1,1,1,1,1,1,1,1,1
857,70,11,6,1,1,1,1,1,1,1,1,1,1,1,1,1,1,1,1,1
864,67,11,6,1,1,1,1,1,1,1,1,1,1,1,1,1,1,1,1,1
865,44,11,6,1,1,1,1,1,1,1,1,1,1,1,1,1,1,1,1,1
879,NA,17,7,1,1,1,1,1,1,1,1,1,1,1,1,1,1,1,1,1
881,NA,18,7,1,1,1,1,1,1,1,1,1,1,1,1,1,1,1,1,1
882,39,18,7,1,1,1,1,1,1,1,1,1,1,1,1,1,1,1,1,1
886,NA,19,7,1,1,1,1,1,1,1,1,1,1,1,1,1,1,1,1,1
888,40,20,7,1,1,1,1,1,1,1,1,1,1,1,1,1,1,1,1,1
889,NA,19,7,1,1,1,1,1,1,1,1,1,1,1,1,1,1,1,1,1
891,40,20,7,1,1,1,1,1,1,1,1,1,1,1,1,1,1,1,1,1
900,41,21,6,1,1,1,1,1,1,1,1,1,1,1,1,1,1,1,1,1
901,41,21,6,1,1,1,1,1,1,1,1,1,1,1,1,1,1,1,1,1
902,41,21,6,1,1,1,1,1,1,1,1,1,1,1,1,1,1,1,1,1
904,41,21,6,1,1,1,1,1,1,1,1,1,1,1,1,1,1,1,1,1
1000,NA,NA,7,1,1,1,1,1,1,1,1,1,1,1,1,1,1,1,1,1
1004,NA,NA,7,1,1,1,1,1,1,1,1,1,1,1,1,1,1,1,1,1
1006,NA,22,6,1,1,1,1,1,1,1,1,1,1,1,1,1,1,1,1,1
1009,NA,22,6,1,1,1,1,1,1,1,1,1,1,1,1,1,1,1,1,1
1012,NA,34,6,1,1,1,1,1,1,1,1,1,1,1,1,1,1,1,1,1
1015,NA,22,6,1,1,1,1,1,1,1,1,1,1,1,1,1,1,1,1,1
1020,NA,22,6,1,1,1,1,1,1,1,1,1,1,1,1,1,1,1,1,1
1022,58,27,7,1,1,1,1,1,1,1,1,1,1,1,1,1,1,1,1,1
1023,58,27,7,1,1,1,1,1,1,1,1,1,1,1,1,1,1,1,1,1
1027,NA,NA,NA,NA,NA,1,1,1,1,1,1,1,1,1,1,1,1,1,1,1
1031,60,27,7,1,1,1,1,1,1,1,1,1,1,1,1,1,1,1,1,1
1032,60,27,7,1,1,1,1,1,1,1,1,1,1,1,1,1,1,1,1,1
1033,60,27,7,1,1,1,1,1,1,1,1,1,1,1,1,1,1,1,1,1
1034,60,27,7,1,1,1,1,1,1,1,1,1,1,1,1,1,1,1,1,1
1035,60,27,7,1,1,1,1,1,1,1,1,1,1,1,1,1,1,1,1,1
1036,60,27,7,1,1,1,1,1,1,1,1,1,1,1,1,1,1,1,1,1
1039,NA,27,7,1,1,1,1,1,1,1,1,1,1,1,1,1,1,1,1,1
1040,40,20,7,1,1,1,1,1,1,1,1,1,1,1,1,1,1,1,1,1
1041,40,20,7,1,1,1,1,1,1,1,1,1,1,1,1,1,1,1,1,1
1042,60,27,7,1,1,1,1,1,1,1,1,1,1,1,1,1,1,1,1,1
1043,60,27,7,1,1,1,1,1,1,1,1,1,1,1,1,1,1,1,1,1
1046,62,29,2,1,1,1,1,1,1,1,1,1,1,1,1,1,1,1,1,1
1051,77,25,2,1,1,1,1,1,1,1,1,1,1,1,1,1,1,1,1,1
1052,77,25,2,1,1,1,1,1,1,1,1,1,1,1,1,1,1,1,1,1
1056,78,25,2,1,1,1,1,1,1,1,1,1,1,1,1,1,1,1,1,1
1058,78,25,2,1,1,1,1,1,1,1,1,1,1,1,1,1,1,1,1,1
1060,78,25,2,1,1,1,1,1,1,1,1,1,1,1,1,1,1,1,1,1
1072,NA,NA,NA,NA,1,1,1,1,1,1,1,1,1,1,1,1,1,1,1,1
1075,79,35,1,1,1,1,1,1,1,1,1,1,1,1,1,1,1,1,1,1
1076,NA,35,1,1,1,1,1,1,1,1,1,1,1,1,1,1,1,1,1,1
1079,NA,36,1,1,1,1,1,1,1,1,1,1,1,1,1,1,1,1,1,1
1080,59,28,7,1,1,1,1,1,1,1,1,1,1,1,1,1,1,1,1,1
1088,65,31,9,1,1,1,1,1,1,1,1,1,1,1,1,1,1,1,1,1
1096,80,32,10,1,1,1,1,1,1,1,1,1,1,1,1,1,1,1,1,1
1098,80,32,10,1,1,1,1,1,1,1,1,1,1,1,1,1,1,1,1,1
1099,80,32,10,1,1,1,1,1,1,1,1,1,1,1,1,1,1,1,1,1
1100,80,32,10,1,1,1,1,1,1,1,1,1,1,1,1,1,1,1,1,1
1102,81,32,10,1,1,1,1,1,1,1,1,1,1,1,1,1,1,1,1,1
1104,81,32,10,1,1,1,1,1,1,1,1,1,1,1,1,1,1,1,1,1
1108,82,36,1,1,1,1,1,1,1,1,1,1,1,1,1,1,1,1,1,1
1111,79,35,1,1,1,1,1,1,1,1,1,1,1,1,1,1,1,1,1,1
1121,83,13,6,1,1,1,1,1,1,1,1,1,1,1,1,1,1,1,1,1
1123,83,13,6,1,1,1,1,1,1,1,1,1,1,1,1,1,1,1,1,1
1124,53,25,2,1,1,1,1,1,1,1,1,1,1,1,1,1,1,1,1,1
1128,25,13,6,1,1,1,1,1,1,1,1,1,1,1,1,1,1,1,1,1
1130,25,13,6,1,1,1,1,1,1,1,1,1,1,1,1,1,1,1,1,1
1131,25,13,6,1,1,1,1,1,1,1,1,1,1,1,1,1,1,1,1,1
1133,24,13,6,1,1,1,1,1,1,1,1,1,1,1,1,1,1,1,1,1
1135,24,13,6,1,1,1,1,1,1,1,1,1,1,1,1,1,1,1,1,1
1136,24,13,6,1,1,1,1,1,1,1,1,1,1,1,1,1,1,1,1,1
1139,NA,35,1,1,1,1,1,1,1,1,1,1,1,1,1,1,1,1,1,1
1144,84,35,1,1,1,1,1,1,1,1,1,1,1,1,1,1,1,1,1,1
1145,NA,37,1,1,1,1,1,1,1,1,1,1,1,1,1,1,1,1,1,1
1148,NA,37,1,1,1,1,1,1,1,1,1,1,1,1,1,1,1,1,1,1
1151,NA,35,1,1,1,1,1,1,1,1,1,1,1,1,1,1,1,1,1,1
1152,77,25,2,1,1,1,1,1,1,1,1,1,1,1,1,1,1,1,1,1
1154,53,25,2,1,1,1,1,1,1,1,1,1,1,1,1,1,1,1,1,1
1160,NA,NA,NA,NA,1,1,1,1,1,1,1,1,1,1,1,1,1,1,1,1
1164,84,35,1,1,1,1,1,1,1,1,1,1,1,1,1,1,1,1,1,1
1166,3,3,1,1,1,1,1,1,1,1,1,1,1,1,1,1,1,1,1,1
1168,3,3,1,1,1,1,1,1,1,1,1,1,1,1,1,1,1,1,1,1
1169,9,4,2,1,1,1,1,1,1,1,1,1,1,1,1,1,1,1,1,1
1170,9,4,2,1,1,1,1,1,1,1,1,1,1,1,1,1,1,1,1,1
1172,NA,3,1,1,1,1,1,1,1,1,1,1,1,1,1,1,1,1,1,1
2006,14,11,6,1,1,1,1,1,1,1,1,1,1,1,1,1,1,1,1,1
2009,45,11,6,1,1,1,1,1,1,1,1,1,1,1,1,1,1,1,1,1
2012,46,23,6,1,1,1,1,1,1,1,1,1,1,1,1,1,1,1,1,1
2016,NA,NA,6,1,1,1,1,1,1,1,1,1,1,1,1,1,1,1,1,1
2022,NA,NA,NA,NA,1,1,1,1,1,1,1,1,1,1,1,1,1,1,1,1
2025,44,11,6,1,1,1,1,1,1,1,1,1,1,1,1,1,1,1,1,1
2035,NA,NA,NA,1,1,1,1,1,1,1,1,1,1,1,1,1,1,1,1,1
2043,85,38,11,1,1,1,1,1,1,1,1,1,1,1,1,1,1,1,1,1
2044,85,38,11,1,1,1,1,1,1,1,1,1,1,1,1,1,1,1,1,1
2048,86,39,11,1,1,1,1,1,1,1,1,1,1,1,1,1,1,1,1,1
2049,86,39,11,1,1,1,1,1,1,1,1,1,1,1,1,1,1,1,1,1
2051,NA,39,11,1,1,1,1,1,1,1,1,1,1,1,1,1,1,1,1,1
2053,NA,NA,NA,1,1,1,1,1,1,1,1,1,1,1,1,1,1,1,1,1
2058,NA,12,6,1,1,1,1,1,1,1,1,1,1,1,1,1,1,1,1,1
2062,34,13,6,1,1,1,1,1,1,1,1,1,1,1,1,1,1,1,1,1
2063,34,13,6,1,1,1,1,1,1,1,1,1,1,1,1,1,1,1,1,1
2065,NA,13,6,1,1,1,1,1,1,1,1,1,1,1,1,1,1,1,1,1
2066,19,13,6,1,1,1,1,1,1,1,1,1,1,1,1,1,1,1,1,1
2067,35,13,6,1,1,1,1,1,1,1,1,1,1,1,1,1,1,1,1,1
2073,NA,27,7,1,1,1,1,1,1,1,1,1,1,1,1,1,1,1,1,1
2074,61,27,7,1,1,1,1,1,1,1,1,1,1,1,1,1,1,1,1,1
2077,56,27,7,1,1,1,1,1,1,1,1,1,1,1,1,1,1,1,1,1
2078,NA,NA,NA,NA,NA,1,1,1,1,1,1,1,1,1,1,1,1,1,1,1
2088,59,28,7,1,1,1,1,1,1,1,1,1,1,1,1,1,1,1,1,1
2091,63,30,8,1,1,1,1,1,1,1,1,1,1,1,1,1,1,1,1,1
2095,NA,40,12,4,2,1,1,1,1,1,1,1,1,1,1,1,1,1,1,1
2096,87,40,12,4,2,1,1,1,1,1,1,1,1,1,1,1,1,1,1,1
2097,87,40,12,4,2,1,1,1,1,1,1,1,1,1,1,1,1,1,1,1
2099,NA,NA,10,1,1,1,1,1,1,1,1,1,1,1,1,1,1,1,1,1
2103,66,32,10,1,1,1,1,1,1,1,1,1,1,1,1,1,1,1,1,1
2105,65,31,9,1,1,1,1,1,1,1,1,1,1,1,1,1,1,1,1,1
2106,82,36,1,1,1,1,1,1,1,1,1,1,1,1,1,1,1,1,1,1
2107,NA,36,1,1,1,1,1,1,1,1,1,1,1,1,1,1,1,1,1,1
2116,4,3,1,1,1,1,1,1,1,1,1,1,1,1,1,1,1,1,1,1
2117,3,3,1,1,1,1,1,1,1,1,1,1,1,1,1,1,1,1,1,1
2118,NA,NA,1,1,1,1,1,1,1,1,1,1,1,1,1,1,1,1,1,1
2122,NA,25,2,1,1,1,1,1,1,1,1,1,1,1,1,1,1,1,1,1
2124,53,25,2,1,1,1,1,1,1,1,1,1,1,1,1,1,1,1,1,1
2132,NA,NA,2,1,1,1,1,1,1,1,1,1,1,1,1,1,1,1,1,1
2144,60,27,7,1,1,1,1,1,1,1,1,1,1,1,1,1,1,1,1,1
2155,8,6,3,1,1,1,1,1,1,1,1,1,1,1,1,1,1,1,1,1
2156,NA,5,2,1,1,1,1,1,1,1,1,1,1,1,1,1,1,1,1,1
2164,10,4,2,1,1,1,1,1,1,1,1,1,1,1,1,1,1,1,1,1
2167,NA,NA,3,1,1,1,1,1,1,1,1,1,1,1,1,1,1,1,1,1
2173,50,24,6,1,1,1,1,1,1,1,1,1,1,1,1,1,1,1,1,1
2176,NA,NA,NA,1,1,1,1,1,1,1,1,1,1,1,1,1,1,1,1,1
2177,NA,34,6,1,1,1,1,1,1,1,1,1,1,1,1,1,1,1,1,1
2180,NA,NA,NA,1,1,1,1,1,1,1,1,1,1,1,1,1,1,1,1,1
2185,31,13,6,1,1,1,1,1,1,1,1,1,1,1,1,1,1,1,1,1
2186,NA,12,6,1,1,1,1,1,1,1,1,1,1,1,1,1,1,1,1,1
2187,NA,13,6,1,1,1,1,1,1,1,1,1,1,1,1,1,1,1,1,1
2190,NA,27,7,1,1,1,1,1,1,1,1,1,1,1,1,1,1,1,1,1
3007,NA,NA,13,5,3,2,2,2,2,2,2,1,1,1,1,1,1,1,1,1
3029,NA,41,14,6,3,2,2,2,2,2,2,1,1,1,1,1,1,1,1,1
3030,NA,NA,14,6,3,2,2,2,2,2,2,1,1,1,1,1,1,1,1,1
3033,NA,42,14,6,3,2,2,2,2,2,2,1,1,1,1,1,1,1,1,1
3037,88,42,14,6,3,2,2,2,2,2,2,1,1,1,1,1,1,1,1,1
3044,NA,43,15,6,3,2,2,2,2,2,2,1,1,1,1,1,1,1,1,1
3045,88,42,14,6,3,2,2,2,2,2,2,1,1,1,1,1,1,1,1,1
3051,89,44,13,5,3,2,2,2,2,2,2,1,1,1,1,1,1,1,1,1
3056,NA,NA,14,6,3,2,2,2,2,2,2,1,1,1,1,1,1,1,1,1
3057,NA,NA,NA,NA,4,2,2,2,2,2,2,1,1,1,1,1,1,1,1,1
3062,NA,NA,14,6,3,2,2,2,2,2,2,1,1,1,1,1,1,1,1,1
3063,NA,41,14,6,3,2,2,2,2,2,2,1,1,1,1,1,1,1,1,1
3070,NA,43,15,6,3,2,2,2,2,2,2,1,1,1,1,1,1,1,1,1
3071,NA,43,15,6,3,2,2,2,2,2,2,1,1,1,1,1,1,1,1,1
3074,NA,NA,NA,NA,NA,2,2,2,2,2,2,1,1,1,1,1,1,1,1,1
3089,NA,45,16,7,5,2,2,2,2,2,2,1,1,1,1,1,1,1,1,1
3092,90,45,16,7,5,2,2,2,2,2,2,1,1,1,1,1,1,1,1,1
3096,91,45,16,7,5,2,2,2,2,2,2,1,1,1,1,1,1,1,1,1
3097,NA,45,16,7,5,2,2,2,2,2,2,1,1,1,1,1,1,1,1,1
3099,92,45,16,7,5,2,2,2,2,2,2,1,1,1,1,1,1,1,1,1
3101,92,45,16,7,5,2,2,2,2,2,2,1,1,1,1,1,1,1,1,1
3102,NA,45,16,7,5,2,2,2,2,2,2,1,1,1,1,1,1,1,1,1
3103,NA,45,16,7,5,2,2,2,2,2,2,1,1,1,1,1,1,1,1,1
3104,93,45,16,7,5,2,2,2,2,2,2,1,1,1,1,1,1,1,1,1
3105,93,45,16,7,5,2,2,2,2,2,2,1,1,1,1,1,1,1,1,1
3110,NA,45,16,7,5,2,2,2,2,2,2,1,1,1,1,1,1,1,1,1
3111,NA,45,16,7,5,2,2,2,2,2,2,1,1,1,1,1,1,1,1,1
3113,67,11,6,1,1,1,1,1,1,1,1,1,1,1,1,1,1,1,1,1
3119,94,11,6,1,1,1,1,1,1,1,1,1,1,1,1,1,1,1,1,1
3121,94,11,6,1,1,1,1,1,1,1,1,1,1,1,1,1,1,1,1,1
3125,NA,NA,NA,NA,NA,NA,NA,NA,1,1,1,1,1,1,1,1,1,1,1,1
3137,NA,NA,NA,8,4,2,2,2,2,2,2,1,1,1,1,1,1,1,1,1
3143,NA,NA,NA,8,4,2,2,2,2,2,2,1,1,1,1,1,1,1,1,1
3155,NA,NA,14,6,3,2,2,2,2,2,2,1,1,1,1,1,1,1,1,1
3159,69,11,6,1,1,1,1,1,1,1,1,1,1,1,1,1,1,1,1,1
3163,89,44,13,5,3,2,2,2,2,2,2,1,1,1,1,1,1,1,1,1
3172,90,45,16,7,5,2,2,2,2,2,2,1,1,1,1,1,1,1,1,1
3173,90,45,16,7,5,2,2,2,2,2,2,1,1,1,1,1,1,1,1,1
3174,91,45,16,7,5,2,2,2,2,2,2,1,1,1,1,1,1,1,1,1
4004,91,45,16,7,5,2,2,2,2,2,2,1,1,1,1,1,1,1,1,1
4017,NA,11,6,1,1,1,1,1,1,1,1,1,1,1,1,1,1,1,1,1
4019,76,11,6,1,1,1,1,1,1,1,1,1,1,1,1,1,1,1,1,1
4071,90,45,16,7,5,2,2,2,2,2,2,1,1,1,1,1,1,1,1,1
4072,90,45,16,7,5,2,2,2,2,2,2,1,1,1,1,1,1,1,1,1
4073,90,45,16,7,5,2,2,2,2,2,2,1,1,1,1,1,1,1,1,1
4074,91,45,16,7,5,2,2,2,2,2,2,1,1,1,1,1,1,1,1,1
4075,90,45,16,7,5,2,2,2,2,2,2,1,1,1,1,1,1,1,1,1
4076,91,45,16,7,5,2,2,2,2,2,2,1,1,1,1,1,1,1,1,1
4077,91,45,16,7,5,2,2,2,2,2,2,1,1,1,1,1,1,1,1,1
4078,95,45,16,7,5,2,2,2,2,2,2,1,1,1,1,1,1,1,1,1
4079,95,45,16,7,5,2,2,2,2,2,2,1,1,1,1,1,1,1,1,1
4080,96,45,16,7,5,2,2,2,2,2,2,1,1,1,1,1,1,1,1,1
4083,96,45,16,7,5,2,2,2,2,2,2,1,1,1,1,1,1,1,1,1
4085,NA,NA,16,7,5,2,2,2,2,2,2,1,1,1,1,1,1,1,1,1
4086,97,45,16,7,5,2,2,2,2,2,2,1,1,1,1,1,1,1,1,1
4087,97,45,16,7,5,2,2,2,2,2,2,1,1,1,1,1,1,1,1,1
4089,98,45,16,7,5,2,2,2,2,2,2,1,1,1,1,1,1,1,1,1
4090,NA,45,16,7,5,2,2,2,2,2,2,1,1,1,1,1,1,1,1,1
4092,98,45,16,7,5,2,2,2,2,2,2,1,1,1,1,1,1,1,1,1
4093,98,45,16,7,5,2,2,2,2,2,2,1,1,1,1,1,1,1,1,1
4094,NA,45,16,7,5,2,2,2,2,2,2,1,1,1,1,1,1,1,1,1
4095,NA,45,16,7,5,2,2,2,2,2,2,1,1,1,1,1,1,1,1,1
4099,NA,45,16,7,5,2,2,2,2,2,2,1,1,1,1,1,1,1,1,1
4101,99,46,16,7,5,2,2,2,2,2,2,1,1,1,1,1,1,1,1,1
4103,99,46,16,7,5,2,2,2,2,2,2,1,1,1,1,1,1,1,1,1
4105,NA,45,16,7,5,2,2,2,2,2,2,1,1,1,1,1,1,1,1,1
4110,NA,47,17,7,5,2,2,2,2,2,2,1,1,1,1,1,1,1,1,1
4113,NA,45,16,7,5,2,2,2,2,2,2,1,1,1,1,1,1,1,1,1
4114,NA,47,17,7,5,2,2,2,2,2,2,1,1,1,1,1,1,1,1,1
4118,NA,47,17,7,5,2,2,2,2,2,2,1,1,1,1,1,1,1,1,1
4119,100,48,17,7,5,2,2,2,2,2,2,1,1,1,1,1,1,1,1,1
4120,100,48,17,7,5,2,2,2,2,2,2,1,1,1,1,1,1,1,1,1
4121,100,48,17,7,5,2,2,2,2,2,2,1,1,1,1,1,1,1,1,1
4122,101,48,17,7,5,2,2,2,2,2,2,1,1,1,1,1,1,1,1,1
4123,101,48,17,7,5,2,2,2,2,2,2,1,1,1,1,1,1,1,1,1
4124,NA,47,17,7,5,2,2,2,2,2,2,1,1,1,1,1,1,1,1,1
4126,NA,48,17,7,5,2,2,2,2,2,2,1,1,1,1,1,1,1,1,1
4127,100,48,17,7,5,2,2,2,2,2,2,1,1,1,1,1,1,1,1,1
4128,100,48,17,7,5,2,2,2,2,2,2,1,1,1,1,1,1,1,1,1
4129,100,48,17,7,5,2,2,2,2,2,2,1,1,1,1,1,1,1,1,1
4132,100,48,17,7,5,2,2,2,2,2,2,1,1,1,1,1,1,1,1,1
4133,100,48,17,7,5,2,2,2,2,2,2,1,1,1,1,1,1,1,1,1
4135,102,49,18,7,5,2,2,2,2,2,2,1,1,1,1,1,1,1,1,1
4140,102,49,18,7,5,2,2,2,2,2,2,1,1,1,1,1,1,1,1,1
4143,103,46,16,7,5,2,2,2,2,2,2,1,1,1,1,1,1,1,1,1
4144,103,46,16,7,5,2,2,2,2,2,2,1,1,1,1,1,1,1,1,1
4145,NA,50,19,9,6,3,2,2,2,2,2,1,1,1,1,1,1,1,1,1
4146,NA,50,19,9,6,3,2,2,2,2,2,1,1,1,1,1,1,1,1,1
4147,104,51,20,10,6,3,2,2,2,2,2,1,1,1,1,1,1,1,1,1
4148,104,51,20,10,6,3,2,2,2,2,2,1,1,1,1,1,1,1,1,1
4149,105,52,20,10,6,3,2,2,2,2,2,1,1,1,1,1,1,1,1,1
4151,NA,52,20,10,6,3,2,2,2,2,2,1,1,1,1,1,1,1,1,1
4152,105,52,20,10,6,3,2,2,2,2,2,1,1,1,1,1,1,1,1,1
4153,105,52,20,10,6,3,2,2,2,2,2,1,1,1,1,1,1,1,1,1
4154,NA,52,20,10,6,3,2,2,2,2,2,1,1,1,1,1,1,1,1,1
4155,NA,NA,NA,10,6,3,2,2,2,2,2,1,1,1,1,1,1,1,1,1
4156,NA,NA,NA,10,6,3,2,2,2,2,2,1,1,1,1,1,1,1,1,1
4158,NA,NA,NA,NA,NA,NA,2,2,2,2,2,1,1,1,1,1,1,1,1,1
4159,NA,NA,NA,NA,NA,NA,2,2,2,2,2,1,1,1,1,1,1,1,1,1
